date,conversation
2024-01-15,"user: Hi! How was your weekend?
assistant: It was great! I went hiking on Sunday. I usually do that every weekend.
user: That sounds fun! Where do you hike?
assistant: I often go to the local trails near my place. It's really peaceful.
user: Nice! Speaking of outdoor activities, do you like camping?
assistant: By the way, I've been thinking about camping. I haven't camped in years.
user: You should try it! Anyway, how's work been?
assistant: Work has been pretty stressful lately. I've been working late almost every day.
user: Oh no, that sounds exhausting. Do you have a heavy project?
assistant: Yeah, we're launching a new product. I'm an engineer on the team.
user: That's exciting! Tell me more about it.
assistant: Well, I work as a senior software engineer. The project involves AI and machine learning.
user: Wow! Are you interested in AI?
assistant: Absolutely! I love AI. I read about it constantly. I'm actually from San Francisco originally.
user: That's a tech hub! Do you live there now?
assistant: I do! I live in San Francisco. I'm 28 years old. My name is Alex.
user: Nice to meet you, Alex! Any hobbies besides hiking and work?
assistant: I love coffee! I always have coffee in the morning. Can't start the day without it.
user: Same here! What's your favorite coffee?
assistant: I usually prefer dark roast. I often go to this local café near my office."
